Product_name,Price,Product_Link
'Men Full Face Helmet',5985 ,https://www.myntra.com/helmets/ls2/ls2-men-black--red-printed-full-face-helmet-ff-320/1764734/buy
'Men Full Face Helmet FF 302',7410 ,https://www.myntra.com/helmets/ls2/ls2-men-black--grey-hyperion-matte-printed-full-face-helmet-ff-302/1764729/buy
'Full Face Helmet',3700 ,https://www.myntra.com/helmets/royal-enfield/royal-enfield-black-street-pin-stripe-full-face-helmet/1729957/buy
'Unisex Full Face Helmet',3500 ,https://www.myntra.com/helmets/royal-enfield/royal-enfield-unisex-black-street-mono-full-face-helmet/1729949/buy
'Men Full Face Helmet FF 320',5958 ,https://www.myntra.com/helmets/ls2/ls2-men-orange--black-printed-podium-matt-full-face-helmet-ff-320/2198646/buy
'Men Full Face Helmet FF 320',5958 ,https://www.myntra.com/helmets/ls2/ls2-men-black-printed-velvet-matt-full-face-helmet-ff-320/2198657/buy
'Men Full Face Helmet',5985 ,https://www.myntra.com/helmets/ls2/ls2-men-black--white-printed-full-face-helmet-ff-320/1764737/buy
'Men Full Face Helmet',4626 ,https://www.myntra.com/helmets/ls2/ls2-men-black--orange-printed-pistons-matt-full-face-helmet-ff-391/2198676/buy
'Men Full Face Helmet OF 578',4788 ,https://www.myntra.com/helmets/ls2/ls2-men-black--red-matt-printed-full-face-helmet-of-578/1764747/buy
'Men Printed Full Face Helmet',4408 ,https://www.myntra.com/helmets/ls2/ls2-men-blue--black-printed-max-matt-full-face-helmet-ff-352/1792294/buy
'Printed Full Face Helmet',4408 ,https://www.myntra.com/helmets/ls2/ls2-men-black--orange-printed-full-face-helmet-ff-352/1764717/buy
'Men Full Face Helmet',4383 ,https://www.myntra.com/helmets/ls2/ls2-men-black--white-printed-touring-matt-full-face-helmet-ff-352/2198661/buy
'Men Full Face Helmet FF 352',4626 ,https://www.myntra.com/helmets/ls2/ls2-men-black--red-matt-printed-full-face-helmet-ff-352/1764697/buy
'Men Roller Full Face Helmet',4626 ,https://www.myntra.com/helmets/ls2/ls2-men-black-printed-roller-full-face-helmet-ff-391/2029422/buy
'Men Full Face Helmet',4383 ,https://www.myntra.com/helmets/ls2/ls2-men-black--white-printed-touring-matt-full-face-helmet-ff-352/2198673/buy
'Printed Full Face Helmet',4626 ,https://www.myntra.com/helmets/ls2/ls2-men-yellow-printed-full-face-helmet-ff-352/1764702/buy
'Men Full Face Helmet',4408 ,https://www.myntra.com/helmets/ls2/ls2-men-black--yellow-printed-full-face-helmet-ff-352/1764713/buy
'Unisex Full Face Helmet',4408 ,https://www.myntra.com/helmets/ls2/ls2-unisex-yellow--green-printed-full-face-helmet-ff-391/1668116/buy
'Unisex Full Face Helmet',4408 ,https://www.myntra.com/helmets/ls2/ls2-unisex-black--white-printed-full-face-helmet-ff352/1608468/buy
'Printed Full Face Helmet',4408 ,https://www.myntra.com/helmets/ls2/ls2-men-grey-melange-printed-full-face-helmet-ff-352/1764712/buy
'Printed Full Face Helmet',4408 ,https://www.myntra.com/helmets/ls2/ls2-men-black--white-printed-full-face-helmet-ff-352/1764704/buy
'Unisex Full Face Helmet',3200 ,https://www.myntra.com/helmets/royal-enfield/royal-enfield-unisex-matt-black-street-pin-stripe-full-face-helmet-rrgheh000111/2242773/buy
'Printed Open Face Helmet',2900 ,https://www.myntra.com/helmets/royal-enfield/royal-enfield-blue-printed-open-face-helmet/1646956/buy
'Printed Open Face Helmet',2900 ,https://www.myntra.com/helmets/royal-enfield/royal-enfield-black-printed-open-face-helmet/1646913/buy
'Open Face Helmet',2900 ,https://www.myntra.com/helmets/royal-enfield/royal-enfield-olive-green--white-open-face-helmet/1646921/buy
'Printed Open Face Helmet',2700 ,https://www.myntra.com/helmets/royal-enfield/royal-enfield-green-printed-open-face-helmet/1646917/buy
'Men Full Face Helmet',4870 ,https://www.myntra.com/helmets/ls2/ls2-men-matt-black--orange-full-face-helmet-ff-391/2029425/buy
'Men Trooper Full Face Helmet',7780 ,https://www.myntra.com/helmets/ls2/ls2-men-matt-black-printed-full-face-helmet-ff-302/2029410/buy
'Printed Full Face Helmet',4383 ,https://www.myntra.com/helmets/ls2/ls2-men-fluorescent-green--black-rookie-new-decor-printed-full-face-helmet-ff-352/2198672/buy
'Men Printed Full Face Helmet',4408 ,https://www.myntra.com/helmets/ls2/ls2-men-white--red-trooper-matt-printed-full-face-helmet-ff-352/1792288/buy
'Printed Atmos Full Face Helmet',4383 ,https://www.myntra.com/helmets/ls2/ls2-men-black--red-matt-printed-full-face-atmos-helmet-ff-352/2198669/buy
'Street Nimbus Full Face Helmet',7000 ,https://www.myntra.com/helmets/royal-enfield/royal-enfield-black-street-nimbus-full-face-helmet/1729980/buy
'Men Printed Full Face Helmet',5985 ,https://www.myntra.com/helmets/ls2/ls2-men-black--red-matt-stinger-printed-full-face-helmet-ff-320/1764740/buy
'Men Printed Full Face Helmet',5985 ,https://www.myntra.com/helmets/ls2/ls2-men-red--white-matt-super-star-printed-full-face-helmet-ff-320/1764742/buy
'Printed Full Face Helmet',4626 ,https://www.myntra.com/helmets/ls2/ls2-men-orange--white-printed-full-face-helmet-ff-352/1765287/buy
'Men Full Face Helmet FF 302',7410 ,https://www.myntra.com/helmets/ls2/ls2-men-black--red-hyperion-matte-printed-full-face-helmet-ff-302/1764731/buy
'Men Full Face Helmet FF 302',7410 ,https://www.myntra.com/helmets/ls2/ls2-men-black--orange-hyperion-matte-printed-full-face-helmet-ff-302/1764728/buy
'Unisex Full Face Helmet',4626 ,https://www.myntra.com/helmets/ls2/ls2-unisex-black--neon-green-printed-full-face-helmet-ff352/1608464/buy
'Unisex Full Face Helmet',3700 ,https://www.myntra.com/helmets/royal-enfield/royal-enfield-unisex-blue-street-pin-striped-lagoon-full-face-helmet/1729975/buy
'Men Full Face Helmet',6289 ,https://www.myntra.com/helmets/ls2/ls2-men-black--red-printed-velvet-matt-full-face-helmet-ff-320/2198647/buy
'Men Roller Full Face Helmet',4626 ,https://www.myntra.com/helmets/ls2/ls2-men-black-printed-roller-full-face-helmet-ff-391/2029421/buy
'Men Full Face Helmet FF 320',5958 ,https://www.myntra.com/helmets/ls2/ls2-men-white--grey-printed-velvet-matt-full-face-helmet-ff-320/2198654/buy
'Men Printed Full Face Helmet',4408 ,https://www.myntra.com/helmets/ls2/ls2-men-black--red-printed-full-face-helmet-ff-352/1792291/buy
'Men Full Face Helmet',4408 ,https://www.myntra.com/helmets/ls2/ls2-men-black--blue-printed-full-face-helmet-ff-352/1764705/buy
'Printed Full Face Helmet',4408 ,https://www.myntra.com/helmets/ls2/ls2-men-blue--white-printed-full-face-helmet-ff-352/1764721/buy
'Unisex Open Face Helmet T 314',2377 ,https://www.myntra.com/helmets/thh/thh-unisex-black--red-skull-printed-open-face-helmet-t-314/2107280/buy
'Unisex Full Face Helmet',3700 ,https://www.myntra.com/helmets/royal-enfield/royal-enfield-unisex-matt-black-street-pin-striped-full-face-helmet/1729967/buy
'Unisex Full Face Helmet',3700 ,https://www.myntra.com/helmets/royal-enfield/royal-enfield-unisex-glossy-grey-street-pin-striped-full-face-helmet/1729960/buy
'Men Full Face Helmet',4626 ,https://www.myntra.com/helmets/ls2/ls2-men-matt-black-pistons-full-face-helmet-ff-391/2029415/buy
'Men Full Face Helmet',4626 ,https://www.myntra.com/helmets/ls2/ls2-men-black--grey-printed-full-face-helmet-ff-352/1764699/buy
'Men Printed Full Face Helmet',4408 ,https://www.myntra.com/helmets/ls2/ls2-men-white--orange-trooper-matt-printed-full-face-helmet-ff-352/1792292/buy
'Men Full Face Helmet FF 386',6431 ,https://www.myntra.com/helmets/ls2/ls2-men-silver-toned--white-matt-printed-full-face-helmet-ff-386/1764745/buy
'Men Universal Full Face Helmet',6431 ,https://www.myntra.com/helmets/ls2/ls2-men-black--grey-printed-midnight-full-face-helmet-ff-386/2029405/buy
'Men Full Face Helmet',6289 ,https://www.myntra.com/helmets/ls2/ls2-men-black--red-stinger-matt-printed-full-face-helmet-ff-320/2198649/buy
'Men Matt Full Face Helmet',6289 ,https://www.myntra.com/helmets/ls2/ls2-men-black-matt-printed-matt-full-face-helmet-ff-320/2198660/buy
'Men Full Face Helmet FF 320',5958 ,https://www.myntra.com/helmets/ls2/ls2-men-yellow--black-printed-garage-matt-full-face-helmet-ff-320/2198652/buy
'Full Face Helmet',3700 ,https://www.myntra.com/helmets/royal-enfield/royal-enfield-white-street-pin-stripe-full-face-helmet/1729955/buy
'Full Face Helmet',3700 ,https://www.myntra.com/helmets/royal-enfield/royal-enfield-blue-pin-stripe-lagoon-full-face-helmet/1729969/buy
'Full Face Helmet',3700 ,https://www.myntra.com/helmets/royal-enfield/royal-enfield-battle-green-street-pin-stripe-full-face-helmet/1729971/buy
'Open Face Helmet',2600 ,https://www.myntra.com/helmets/royal-enfield/royal-enfield-silver-toned-open-face-helmet/1646940/buy
'Men Printed Full Face Helmet',4626 ,https://www.myntra.com/helmets/ls2/ls2-men-black--white-printed-full-face-pistons-helmet-ff-352/2029432/buy
'Men Printed Full Face Helmet',4626 ,https://www.myntra.com/helmets/ls2/ls2-men-black--orange-printed-full-face-helmet-ff-391/2029413/buy
'Men Printed Full Face Helmet',4408 ,https://www.myntra.com/helmets/ls2/ls2-men-black-printed-full-face-helmet-ff-352/1764707/buy
'Full Face Helmet',4408 ,https://www.myntra.com/helmets/ls2/ls2-men-red--blue-printed-full-face-helmet-ff391/1668115/buy
'Men Full Face Helmet',4383 ,https://www.myntra.com/helmets/ls2/ls2-men-black--yellow-printed-touring-matt-full-face-helmet-ff-352/2198663/buy
'Open Face Helmet',4500 ,https://www.myntra.com/helmets/royal-enfield/royal-enfield-blue-classic-denim-open-face-helmet/1646939/buy
'Unisex Full Face Helmet',4408 ,https://www.myntra.com/helmets/ls2/ls2-unisex-black--orange-printed-full-face-helmet-ff-391/1668119/buy
'Unisex Full Face Helmet',4408 ,https://www.myntra.com/helmets/ls2/ls2-unisex-black--red-printed-full-face-helmet-ff-391/1668120/buy
'Unisex Full Face Helmet',4408 ,https://www.myntra.com/helmets/ls2/ls2-unisex-black--white-printed-full-face-helmet-ff352/1608466/buy
'Motorcycling Full Face Helmet',3700 ,https://www.myntra.com/helmets/royal-enfield/royal-enfield-white-pure-motorcycling-full-face-helmet/1729977/buy
'Men Full Face Helmet FF 386',6431 ,https://www.myntra.com/helmets/ls2/ls2-men-black--white-glossy-printed-full-face-helmet-ff-386/1764743/buy
'Men Universal Full Face Helmet',6431 ,https://www.myntra.com/helmets/ls2/ls2-men-red--white-printed-universal-full-face-helmet-ff-386/2029400/buy
'Unisex Open Face Helmet T 314',2377 ,https://www.myntra.com/helmets/thh/thh-unisex-black--blue-skull-printed-open-face-helmet-t-314/2107279/buy
'Street Nimbus Full Face Helmet',7000 ,https://www.myntra.com/helmets/royal-enfield/royal-enfield-charcoal-grey-street-nimbus-full-face-helmet/1729981/buy
'Men Full Face Helmet',6289 ,https://www.myntra.com/helmets/ls2/ls2-men-black--orange-stinger-matt-printed-full-face-helmet-ff-320/2198655/buy
'Men Garage Full Face Helmet',6289 ,https://www.myntra.com/helmets/ls2/ls2-men-orange--black-garage-matt-printed-full-face-helmet-ff-320/2198653/buy
'Men Garage Full Face Helmet',6289 ,https://www.myntra.com/helmets/ls2/ls2-men-gunmetal-toned--black-matt-printed-garage-full-face-helmet-ff-320/2198648/buy
'Men Full Face Helmet',6289 ,https://www.myntra.com/helmets/ls2/ls2-men-black--white-printed-full-face-helmet-ff-320/1764736/buy
'Men Printed Full Face Helmet',5985 ,https://www.myntra.com/helmets/ls2/ls2-men-black--orange-matt-stinger-printed-full-face-helmet-ff-320/1764739/buy
'Unisex Open Face Helmet T 383',2205 ,https://www.myntra.com/helmets/thh/thh-unisex-yellow--black-german-flag-colourblocked-open-face-helmet-t-383/2107281/buy
'Men Full Face Helmet',5225 ,https://www.myntra.com/helmets/smk/smk-men-white-full-face-100-hybrid-helmet/1815440/buy
'Full Face Helmet',5225 ,https://www.myntra.com/helmets/smk/smk-men-white-full-face-100-glide-helmet/1815439/buy
'Men Printed Full Face Helmet',4870 ,https://www.myntra.com/helmets/ls2/ls2-men-black--yellow-printed-full-face-helmet-ff352-/1587200/buy
'Men Blast Full Face Helmet',4626 ,https://www.myntra.com/helmets/ls2/ls2-men-black--red-blast-printed-full-face-helmet-ff-50/2198671/buy
'Men Full Face Helmet',4626 ,https://www.myntra.com/helmets/ls2/ls2-men-black--orange-printed-matt-full-face-helmet-ff-352/2198664/buy
'Men Full Face Helmet',4626 ,https://www.myntra.com/helmets/ls2/ls2-men-black--red-printed-pistons-matt-full-face-helmet-ff-391/2198675/buy
'Full Face Helmet',4626 ,https://www.myntra.com/helmets/ls2/ls2-men-black--red-printed-pistons-matt-full-face-helmet-ff-352/2198668/buy
'Men Full Face Helmet',4626 ,https://www.myntra.com/helmets/ls2/ls2-men-matt-black--blue-printed-rooller-full-face-helmet-ff-391/2029418/buy
'Men ROOKIE FAN HI-VISP Helmet',4626 ,https://www.myntra.com/helmets/ls2/ls2-men-fluorescent-green-printed-rookie-fan-hi-vis-full-face-helmet-ff-352/1587215/buy
'Men Printed Full Face Helmet',4626 ,https://www.myntra.com/helmets/ls2/ls2-men-black--red-printed-full-face-helmet-ff-391/1764725/buy
'Printed Full Face Helmet',4408 ,https://www.myntra.com/helmets/ls2/ls2-men-blue--white-printed-full-face-helmet-ff-352/1764716/buy
'Men Full Face Helmet',4408 ,https://www.myntra.com/helmets/ls2/ls2-men-blue--white-trooper-printed-full-face-helmet-ff-352/1764711/buy
'Printed Full Face Helmet',4408 ,https://www.myntra.com/helmets/ls2/ls2-men-blue--white-printed-full-face-helmet-ff-352/1764698/buy
'Men Printed Full Face Helmet',4408 ,https://www.myntra.com/helmets/ls2/ls2-men-black--blue-printed-full-face-helmet-ff-391/1764726/buy
'Men Printed Full Face Helmet',4408 ,https://www.myntra.com/helmets/ls2/ls2-men-black--white-printed-full-face-helmet-ff-391/1764724/buy
'Bulky Matt Full Face Helmet',4383 ,https://www.myntra.com/helmets/ls2/ls2-men-black--orange-bulky-matt-printed-full-face-helmet-ff-352/2198670/buy
'Printed Atmos Full Face Helmet',4383 ,https://www.myntra.com/helmets/ls2/ls2-men-black--blue-matt-printed-full-face-atmos-helmet-ff-352/2198667/buy
'Unisex Full Face Helmet',4408 ,https://www.myntra.com/helmets/ls2/ls2-unisex-black--white-matt-printed-full-face-helmet-ff352/1608465/buy
'Unisex Full Face Helmet',3700 ,https://www.myntra.com/helmets/royal-enfield/royal-enfield-unisex-glossy-sliver-toned-street-pin-striped-full-face-helmet/1729963/buy
'Open Face Helmet',2600 ,https://www.myntra.com/helmets/royal-enfield/royal-enfield-silver-toned-open-face-helmet/1646914/buy
'Unisex Street Stripe Helmet',3700 ,https://www.myntra.com/helmets/royal-enfield/royal-enfield-unisex-black-printed-full-face-street-mono-stripe-helmet-rrghed000050/2242817/buy
'Men Universal Full Face Helmet',6093 ,https://www.myntra.com/helmets/ls2/ls2-men-white--grey-universal-matt-printed-full-face-helmet-ff-386/2198677/buy
'Men Full Face Helmet',4383 ,https://www.myntra.com/helmets/ls2/ls2-men-black--orange-printed-touring-matt-full-face-helmet-ff-352/2198665/buy
'Men Blast Full Face Helmet',4383 ,https://www.myntra.com/helmets/ls2/ls2-men-black--blue-blast-printed-full-face-helmet-ff-50/2198674/buy
'Men Full Face Helmet',6289 ,https://www.myntra.com/helmets/ls2/ls2-men-white--grey-printed-velvet-gloss-full-face-helmet-ff-320/2198659/buy
'Men Garage Full Face Helmet',6289 ,https://www.myntra.com/helmets/ls2/ls2-men-white--black-matt-printed-garage-full-face-helmet-ff-320/2198650/buy
'Men Full Face Helmet',6289 ,https://www.myntra.com/helmets/ls2/ls2-men-black--grey-printed-velvet-matt-full-face-helmet-ff-320/2198658/buy
'Men Vantage Full Face Helmet',6289 ,https://www.myntra.com/helmets/ls2/ls2-men-black--grey-vantage-matt-printed-full-face-helmet-ff-320/2198651/buy
'Men Gloss Full Face Helmet',6289 ,https://www.myntra.com/helmets/ls2/ls2-men-black--red-velvet-gloss-printed-full-face-helmet-ff-320/2198656/buy
'Men Full Face Helmet',6431 ,https://www.myntra.com/helmets/ls2/ls2-men-matt-black--grey-printed-full-face-helmet-ff-386/2029406/buy
'Men Universal Full Face Helmet',6431 ,https://www.myntra.com/helmets/ls2/ls2-men-white--grey-printed-midnight-full-face-helmet-ff-386/2029404/buy
'Men Universal Full Face Helmet',6431 ,https://www.myntra.com/helmets/ls2/ls2-men-white--grey-printed-midnight-full-face-helmet-ff-386/2029403/buy
'Men Full Face Helmet',4626 ,https://www.myntra.com/helmets/ls2/ls2-men-matt-black--green-printed-full-face-helmet-ff-302/2029431/buy
'Men Full Face Helmet',4626 ,https://www.myntra.com/helmets/ls2/ls2-men-matt-white-printed-full-face-helmet-ff-391/2029424/buy
'Men Full Face Helmet',4626 ,https://www.myntra.com/helmets/ls2/ls2-men-black--blue-printed-full-face-helmet-ff-391/2029419/buy
'Men Printed Full Face Helmet',4626 ,https://www.myntra.com/helmets/ls2/ls2-men-black--blue-printed-full-face-pistons-helmet-ff-391/2029414/buy
'Men Printed Full Face Helmet',4626 ,https://www.myntra.com/helmets/ls2/ls2-men-black--red-printed-full-face-helmet-ff-391/2029412/buy
'Men Printed Full Face Helmet',4132 ,https://www.myntra.com/helmets/smk/smk-men-white-1920-twister-printed-full-face-helmet/1815455/buy
'Men Full Face Helmet',7410 ,https://www.myntra.com/helmets/ls2/ls2-men-black--red-printed-full-face-helmet-ff-302/1764732/buy
'Men Full Face Helmet',4626 ,https://www.myntra.com/helmets/ls2/ls2-men-black--blue-full-face-helmet-ff-352/1764710/buy
'Men Full Face Helmet',7410 ,https://www.myntra.com/helmets/ls2/ls2-men-black-space-printed-full-face-helmet-ff-302/1764727/buy
'Street Nimbus Full Face Helmet',7000 ,https://www.myntra.com/helmets/royal-enfield/royal-enfield-white-street-nimbus-full-face-helmet/1729985/buy
'Men Printed Full Face Helmet',4626 ,https://www.myntra.com/helmets/ls2/ls2-men-white--red-printed-full-face-helmet-ls2-50/1587219/buy
'Men Full Face Helmet',3847 ,https://www.myntra.com/helmets/smk/smk-men-white-full-face-100-twister-helmet/1815443/buy
'Full Face Helmet',3847 ,https://www.myntra.com/helmets/smk/smk-men-charcoal-grey-full-face-dual-visor-da-600-twister-helmet/1815479/buy
'Printed Open Face Helmet',2900 ,https://www.myntra.com/helmets/royal-enfield/royal-enfield-white-printed-open-face-helmet/1646957/buy
'Printed Open Face Helmet',2400 ,https://www.myntra.com/helmets/royal-enfield/royal-enfield-charcoal-grey-printed-open-face-helmet/1646951/buy
'Printed Open Face Helmet',2900 ,https://www.myntra.com/helmets/royal-enfield/royal-enfield-green-printed-open-face-helmet/1646953/buy
'Checked Open Face Helmet',2600 ,https://www.myntra.com/helmets/royal-enfield/royal-enfield-black--white-vintage-tt-checked-open-face-helmet/1646942/buy
'Printed Open Face Helmet',2400 ,https://www.myntra.com/helmets/royal-enfield/royal-enfield-brown-printed-open-face-helmet/1646950/buy
'Men Printed Full Face Helmet',4085 ,https://www.myntra.com/helmets/smk/smk-men-white-192-twister-printed-full-face-helmet/1815453/buy
'Leather Open Face Helmet',7500 ,https://www.myntra.com/helmets/royal-enfield/royal-enfield-brown-leather-open-face-helmet/1646909/buy
'Full Face Helmet',2612 ,https://www.myntra.com/helmets/smk/smk-men-white-full-face-100-glide-helmet/1815437/buy
'Open Face Helmet',2900 ,https://www.myntra.com/helmets/royal-enfield/royal-enfield-grey--black-open-face-helmet/1646920/buy
'Open Face Helmet',2600 ,https://www.myntra.com/helmets/royal-enfield/royal-enfield-black--charcoal-grey-open-face-helmet/1646941/buy
'Men Printed Full Face Helmet',4132 ,https://www.myntra.com/helmets/smk/smk-men-white--black-128-twister-printed-full-face-helmet/1815448/buy
'Men Helmet',3800 ,https://www.myntra.com/helmets/smk/smk-men-charcoal-grey-full-face-da-600-twister-helmet/1815477/buy
'Open Face Helmet',4000 ,https://www.myntra.com/helmets/royal-enfield/royal-enfield-matt-green-open-face-helmet/2242784/buy
'Full Face Helmet',3500 ,https://www.myntra.com/helmets/royal-enfield/royal-enfield-brown-big-wing-full-face-helmet/1729951/buy
'Full Face Helmet',3299 ,https://www.myntra.com/helmets/royal-enfield/royal-enfield-unisex-silver-toned-street-mono-full-face-helmet-rrghea000017/1729944/buy
'Unisex Leather Helmet',3600 ,https://www.myntra.com/helmets/royal-enfield/royal-enfield-unisex-tan-brown-leather-helmet-rrghea000078/2242776/buy
'Full Face Helmet',3200 ,https://www.myntra.com/helmets/royal-enfield/royal-enfield-white-pure-motorcycling-full-face-helmet/2242818/buy
'Striped Open Face Helmet',2400 ,https://www.myntra.com/helmets/royal-enfield/royal-enfield-black--white-printed--striped-open-face-helmet/1646952/buy
'Printed Open Face Helmet',2900 ,https://www.myntra.com/helmets/royal-enfield/royal-enfield-black-printed-open-face-helmet/1646954/buy
'Open Face Helmet',1800 ,https://www.myntra.com/helmets/royal-enfield/royal-enfield-black-open-face-helmet/1646926/buy
'Open Face Helmet',2200 ,https://www.myntra.com/helmets/royal-enfield/royal-enfield-blue-open-face-helmet/1646930/buy
'Striped Open Face Helmet',2400 ,https://www.myntra.com/helmets/royal-enfield/royal-enfield-grey-printed--striped-open-face-helmet/1646918/buy
'Printed Open Face Helmet',3499 ,https://www.myntra.com/helmets/royal-enfield/royal-enfield-red--black-aviator-mlg-printed-open-face-helmet/1646938/buy
'Unisex Full Face Helmet',3299 ,https://www.myntra.com/helmets/royal-enfield/royal-enfield-unisex-charcoal-grey-street-mono-full-face-helmet/1729942/buy
'Full Face Helmet',3299 ,https://www.myntra.com/helmets/royal-enfield/royal-enfield-black-street-mono-full-face-helmet/1729946/buy
'Printed Open Face Helmet',2900 ,https://www.myntra.com/helmets/royal-enfield/royal-enfield-brown-printed-open-face-helmet/1646911/buy
'Printed Open Face Helmet',2900 ,https://www.myntra.com/helmets/royal-enfield/royal-enfield-brown-printed-open-face-helmet/1646955/buy
'Printed Open Face Helmet',3000 ,https://www.myntra.com/helmets/royal-enfield/royal-enfield-glossy-white-printed-open-face-helmet/2242788/buy
'Open Face Helmet',2900 ,https://www.myntra.com/helmets/royal-enfield/royal-enfield-black--white-open-face-helmet/1646912/buy
